{
  "classes":15,
  "label2train":[
    [0, 255],
    [1, 255],
    [2, 255],
    [3, 255],
    [4, 255],
    [5, 255],
    [6, 255],
    [7, 0],
    [8, 1],
    [9, 255],
    [10, 255],
    [11, 2],
    [12, 255],
    [13, 3],
    [14, 255],
    [15, 255],
    [16, 255],
    [17, 255],
    [18, 255],
    [19, 4],
    [20, 5],
    [21, 6],
    [22, 7],
    [23, 8],
    [24, 9],
    [25, 9],
    [26, 10],
    [27, 11],
    [28, 12],
    [29, 255],
    [30, 255],
    [31, 255],
    [32, 13],
    [33, 14],
    [-1, 255]],
  "label":[
    "road",
    "sidewalk",
    "building",
    "fence",
    "light",
    "sign",
    "vegetation",
    "terrain",
    "sky",
    "person",
    "car",
    "truck",
    "bus",
    "motocycle",
    "bicycle"],
  "palette":[
    [128,64,128],
    [244,35,232],
    [70,70,70],
    [190,153,153],
    [250,170,30],
    [220,220,0],
    [107,142,35],
    [152,251,152],
    [70,130,180],
    [220,20,60],
    [0,0,142],
    [0,0,70],
    [0,60,100],
    [0,0,230],
    [119,11,32],
    [0,0,0]],
  "mean":[
    73.158359210711552,
    82.908917542625858,
    72.392398761941593],
  "std":[
    47.675755341814678,
    48.494214368814916,
    47.736546325441594]
}
